{"cameraMode":{"drawMode":0,"name":"Shaded","section":"Shading Mode"},"sceneLighting":true,"audioPlay":false,"sceneViewState":{"m_AlwaysRefresh":false,"showFog":true,"showSkybox":true,"showFlares":true,"showImageEffects":true,"showParticleSystems":true,"showVisualEffectGraphs":true,"m_FxEnabled":true},"in2DMode":false,"pivot":{"x":0.25411081314086916,"y":0.26540276408195498,"z":-0.6174499988555908},"rotation":{"x":0.1586000919342041,"y":-0.6346796154975891,"z":0.13527601957321168,"w":0.7440995573997498},"size":0.796199381351471,"orthographic":false}