{"cameraMode":{"drawMode":0,"name":"Shaded","section":"Shading Mode"},"sceneLighting":false,"audioPlay":false,"sceneViewState":{"m_AlwaysRefresh":false,"showFog":true,"showSkybox":false,"showFlares":true,"showImageEffects":true,"showParticleSystems":true,"showVisualEffectGraphs":true,"m_FxEnabled":true},"in2DMode":false,"pivot":{"x":-82.44538116455078,"y":12.10847282409668,"z":252.91773986816407},"rotation":{"x":-0.07044104486703873,"y":-0.0038880985230207445,"z":-0.000273901445325464,"w":0.9975045323371887},"size":358.914794921875,"orthographic":false}